"site","camera","pipeline","transmission_line","road_gravel_1l","road_gravel_2l","road_paved_undiv_2l","road_paved_undiv_1l","rlwy_sgl_track","road_paved_1l","road_winter","trail","conventional_seismic","low_impact_seismic","vegetated_edge_roads","vegetated_edge_railways","truck_trail","road_unclassified","road_unimproved","water","shrub","grass","conifer","broadleaf","mixed_forest","coy_prop_pres","coy_prop_abs","wolf_prop_pres","wolf_prop_abs","moose_prop_pres","moose_prop_abs","deer_prop_pres","deer_prop_abs","coy_prop","wolf_prop","moose_prop","deer_prop","coy_tot_det","moose_tot_det","hare_tot_det","deer_tot_det","wolf_tot_det"
"LU01","06",0,0,0,0,0,0,0,0,0,0.409090909090909,0.5,0,0,0,0,0,0,0,0.5,0,0,0.25,0.25,4,10,0,14,3,11,12,2,0.285714285714286,0,0.214285714285714,0.857142857142857,6,4,7,44,0
"LU01","10",0.117647058823529,0,0,0,0,0,0,0,0,0.352941176470588,0.294117647058824,0,0,0,0,0,0,0.1,0.1,0.1,0.2,0.3,0.2,4,1,0,5,2,3,5,0,0.8,0,0.4,1,4,2,1,61,0
"LU01","11",0,0,0,0,0,0,0,0,0,0.5,0.25,0,0,0,0,0,0,0,0.5,0,0.5,0,0,8,6,2,12,5,9,12,2,0.571428571428571,0.142857142857143,0.357142857142857,0.857142857142857,13,8,8,73,3
"LU01","13",0,0,0,0,0,0,0,0,0,0.125,0.375,0,0,0,0,0,0,0,0.375,0,0.125,0.125,0.375,10,5,0,15,9,6,12,3,0.666666666666667,0,0.6,0.8,20,15,0,138,0
"LU01","22",0.0769230769230769,0,0,0,0,0,0,0,0,0.179487179487179,0.435897435897436,0,0.0512820512820513,0,0.0256410256410256,0,0.0256410256410256,0,0.266666666666667,0.0666666666666667,0,0.333333333333333,0.266666666666667,11,3,0,14,1,13,13,1,0.785714285714286,0,0.0714285714285714,0.928571428571429,27,1,25,42,0
"LU01","25",0.0476190476190476,0,0,0,0,0,0,0,0,0.571428571428571,0.285714285714286,0,0,0,0,0,0,0,0.571428571428571,0.142857142857143,0,0.285714285714286,0,9,5,0,14,0,14,14,0,0.642857142857143,0,0,1,13,0,2,75,0
"LU01","27",0,0,0,0,0,0,0,0,0,0.0714285714285714,0.428571428571429,0,0,0,0,0,0,0.1,0.3,0,0.2,0.1,0.3,11,4,1,14,2,13,15,0,0.733333333333333,0.0666666666666667,0.133333333333333,1,41,2,4,89,1
"LU01","30",0,0,0,0,0,0,0,0,0,0.5,0.5,0,0,0,0,0,0,0,0.111111111111111,0,0.111111111111111,0.333333333333333,0.444444444444444,0,15,0,15,4,11,9,6,0,0,0.266666666666667,0.6,0,7,0,23,0
"LU01","32",0.333333333333333,0,0,0,0,0,0,0,0,0.166666666666667,0.388888888888889,0,0,0,0,0,0,0.0769230769230769,0.153846153846154,0.153846153846154,0.230769230769231,0.153846153846154,0.230769230769231,9,6,0,15,1,14,12,3,0.6,0,0.0666666666666667,0.8,24,2,63,28,0
"LU01","36",0.0833333333333333,0,0,0,0,0,0,0,0,0.0833333333333333,0.833333333333333,0,0,0,0,0,0,0.0909090909090909,0.272727272727273,0.0909090909090909,0.0909090909090909,0.272727272727273,0.181818181818182,4,11,0,15,0,15,10,5,0.266666666666667,0,0,0.666666666666667,6,0,9,18,0
"LU01","40",0,0,0,0.0588235294117647,0,0,0,0,0,0.235294117647059,0.294117647058824,0,0.117647058823529,0,0,0,0,0,0,0.166666666666667,0,0.333333333333333,0.333333333333333,7,7,0,14,3,11,10,4,0.5,0,0.214285714285714,0.714285714285714,19,4,26,40,0
"LU01","41",0,0,0,0,0,0,0,0,0,0.4,0.2,0,0,0,0,0,0,0,0.153846153846154,0.153846153846154,0.230769230769231,0.153846153846154,0.230769230769231,6,9,1,14,2,13,11,4,0.4,0.0666666666666667,0.133333333333333,0.733333333333333,11,4,31,107,1
"LU01","43",0.222222222222222,0,0,0,0,0,0,0,0,0.444444444444444,0.111111111111111,0,0,0,0,0,0,0,0.375,0.25,0.125,0.125,0.125,10,4,0,14,1,13,10,4,0.714285714285714,0,0.0714285714285714,0.714285714285714,22,2,63,43,0
"LU01","44",0,0,0,0,0,0,0,0,0,0,0.5,0,0,0,0,0,0,0,0.333333333333333,0,0.333333333333333,0.333333333333333,0,7,8,0,15,0,15,11,4,0.466666666666667,0,0,0.733333333333333,21,0,32,41,0
"LU01","45",0.357142857142857,0,0,0,0,0,0,0,0,0.285714285714286,0.214285714285714,0,0,0,0,0,0,0,0.307692307692308,0.0769230769230769,0.153846153846154,0.230769230769231,0.230769230769231,4,10,0,14,1,13,13,1,0.285714285714286,0,0.0714285714285714,0.928571428571429,7,1,12,84,0
"LU01","46",0.222222222222222,0.037037037037037,0.0740740740740741,0,0,0,0,0,0,0.222222222222222,0.111111111111111,0,0.222222222222222,0,0,0,0,0,0.333333333333333,0.222222222222222,0,0.222222222222222,0.111111111111111,11,3,0,14,0,14,14,0,0.785714285714286,0,0,1,43,0,42,58,0
"LU01","47",0.297297297297297,0,0.027027027027027,0,0,0,0,0,0,0.0540540540540541,0.27027027027027,0,0.297297297297297,0,0,0,0.027027027027027,0.0526315789473684,0.263157894736842,0.105263157894737,0.210526315789474,0.210526315789474,0.105263157894737,14,1,0,15,3,12,15,0,0.933333333333333,0,0.2,1,37,4,230,68,0
"LU01","48",0.310344827586207,0,0.0344827586206897,0,0,0,0,0,0,0.103448275862069,0.172413793103448,0,0.172413793103448,0,0,0,0,0,0,0.3,0.2,0.3,0.1,5,9,0,14,0,14,14,0,0.357142857142857,0,0,1,11,0,3,73,0
"LU01","60",0,0.136363636363636,0.0909090909090909,0,0,0,0,0,0,0.363636363636364,0.136363636363636,0,0.181818181818182,0,0,0,0,0.25,0,0,0,0.5,0,2,12,0,14,2,12,11,3,0.142857142857143,0,0.142857142857143,0.785714285714286,3,3,6,83,0
"LU01","63",0,0,0,0,0,0,0,0,0,0.5,0.5,0,0,0,0,0,0,0,0.4,0,0.2,0,0.4,5,1,1,5,2,4,5,1,0.833333333333333,0.166666666666667,0.333333333333333,0.833333333333333,9,5,0,23,1
"LU01","64",0.1,0,0,0,0,0,0,0,0,0.1,0.75,0,0,0,0,0,0,0,0.375,0.125,0.375,0.125,0,3,12,0,15,1,14,15,0,0.2,0,0.0666666666666667,1,4,1,0,78,0
"LU01","66",0,0,0,0,0,0,0,0,0,0,0.470588235294118,0,0,0,0,0,0,0.0666666666666667,0.266666666666667,0,0.333333333333333,0.133333333333333,0.2,7,8,0,15,7,8,13,2,0.466666666666667,0,0.466666666666667,0.866666666666667,12,16,57,78,0
"LU01","67",0.153846153846154,0,0,0,0,0,0,0,0,0.307692307692308,0.384615384615385,0,0,0,0,0,0,0,0.125,0.125,0.25,0.25,0.25,7,8,0,15,2,13,13,2,0.466666666666667,0,0.133333333333333,0.866666666666667,15,2,105,48,0
"LU01","70",0.333333333333333,0,0,0,0,0,0,0,0,0.2,0.333333333333333,0,0,0,0,0,0,0,0,0.0714285714285714,0.357142857142857,0.285714285714286,0.285714285714286,2,7,1,8,2,7,9,0,0.222222222222222,0.111111111111111,0.222222222222222,1,2,2,5,55,2
"LU01","71",0.333333333333333,0.125,0,0,0,0,0,0,0,0.0833333333333333,0.375,0,0,0,0,0,0,0,0.363636363636364,0.0909090909090909,0,0.454545454545455,0,11,3,0,14,0,14,10,4,0.785714285714286,0,0,0.714285714285714,39,0,5,37,0
"LU01","72",0,0,0,0,0,0,0,0,0,0.4,0.4,0,0,0,0,0,0,0,0.285714285714286,0.142857142857143,0.142857142857143,0.142857142857143,0.285714285714286,3,1,0,4,0,4,4,0,0.75,0,0,1,3,0,1,24,0
"LU01","73",0,0,0,0,0,0,0,0,0,0.0833333333333333,0.583333333333333,0,0,0,0,0,0,0.0666666666666667,0.0666666666666667,0,0.2,0.266666666666667,0.4,11,4,0,15,7,8,9,6,0.733333333333333,0,0.466666666666667,0.6,23,10,192,19,0
"LU01","74",0,0,0,0,0,0,0,0,0,0.176470588235294,0.352941176470588,0,0.294117647058824,0,0,0,0.117647058823529,0,0.3,0,0.3,0.1,0.2,6,9,2,13,0,15,14,1,0.4,0.133333333333333,0,0.933333333333333,8,0,48,48,3
"LU01","75",0,0,0,0,0,0,0,0,0,0.285714285714286,0.571428571428571,0,0,0,0,0,0,0,0.166666666666667,0,0.333333333333333,0.333333333333333,0.166666666666667,9,6,1,14,0,15,10,5,0.6,0.0666666666666667,0,0.666666666666667,12,0,16,28,1
"LU01","76",0,0,0,0,0,0,0,0,0,0.258064516129032,0.451612903225806,0,0,0,0,0,0,0,0.2,0,0.4,0.2,0.2,7,0,1,6,1,6,7,0,1,0.142857142857143,0.142857142857143,1,16,1,17,27,1
"LU01","77",0.0769230769230769,0,0,0,0,0,0,0,0,0.230769230769231,0.615384615384615,0,0,0,0,0,0,0,0.583333333333333,0.0833333333333333,0,0.25,0.0833333333333333,1,3,0,4,0,4,3,1,0.25,0,0,0.75,4,0,0,4,0
"LU01","78",0,0,0,0,0,0,0,0,0,0.666666666666667,0.333333333333333,0,0,0,0,0,0,0,0.6,0,0.2,0,0.2,3,11,0,14,0,14,7,7,0.214285714285714,0,0,0.5,9,1,9,16,0
"LU01","79",0.0689655172413793,0,0,0,0,0,0,0,0,0.241379310344828,0.620689655172414,0,0,0,0,0,0,0,0.375,0.25,0.25,0.125,0,9,6,0,15,0,15,6,9,0.6,0,0,0.4,19,0,91,10,0
"LU01","80",0.176470588235294,0,0,0,0,0,0,0,0,0.176470588235294,0.647058823529412,0,0,0,0,0,0,0.0769230769230769,0.307692307692308,0.0769230769230769,0,0.307692307692308,0.230769230769231,6,8,2,12,0,14,12,2,0.428571428571429,0.142857142857143,0,0.857142857142857,7,0,1,60,3
"LU01","82",0.208333333333333,0,0.0625,0,0,0,0,0,0,0,0.166666666666667,0,0.0833333333333333,0,0,0.0208333333333333,0,0,0,0.153846153846154,0.0769230769230769,0.307692307692308,0,6,9,0,15,0,15,6,9,0.4,0,0,0.4,13,0,68,10,0
"LU01","83",0.166666666666667,0,0,0,0,0,0,0,0,0.166666666666667,0.666666666666667,0,0,0,0,0,0,0.0909090909090909,0.181818181818182,0.0909090909090909,0,0.272727272727273,0.363636363636364,5,9,0,14,0,14,5,9,0.357142857142857,0,0,0.357142857142857,13,0,5,15,0
"LU01","84",0,0.176470588235294,0.0588235294117647,0,0,0,0,0,0,0.0588235294117647,0.294117647058824,0,0.235294117647059,0,0,0,0,0,0,0,0.125,0.5,0.25,6,9,1,14,1,14,9,6,0.4,0.0666666666666667,0.0666666666666667,0.6,13,1,229,49,2
"LU01","85",0.0769230769230769,0,0,0,0,0,0,0,0,0.115384615384615,0.269230769230769,0,0,0,0,0,0,0,0.3,0.05,0.2,0.1,0.35,6,6,2,10,1,11,10,2,0.5,0.166666666666667,0.0833333333333333,0.833333333333333,20,1,29,64,3
"LU01","86",0.27027027027027,0,0.027027027027027,0,0,0,0,0,0,0.108108108108108,0.162162162162162,0,0.135135135135135,0,0.0810810810810811,0,0,0,0.166666666666667,0.333333333333333,0.333333333333333,0,0,8,6,0,14,0,14,13,1,0.571428571428571,0,0,0.928571428571429,12,0,1,72,0
"LU13","03",0,0,0,0,0,0,0,0,0,0,1,0,0,0,0,0,0,0.125,0.25,0.3125,0.0625,0.25,0,5,7,0,12,4,8,3,9,0.416666666666667,0,0.333333333333333,0.25,10,9,0,4,0
"LU13","05",0,0,0,0,0,0,0,0,0,0,0.25,0,0,0,0,0,0,0.125,0.375,0,0.25,0.125,0.125,0,13,0,13,5,8,4,9,0,0,0.384615384615385,0.307692307692308,0,9,0,5,0
"LU13","06",0.05,0,0,0,0,0,0,0,0,0.05,0.45,0,0,0,0.05,0,0,0.0588235294117647,0.294117647058824,0.0588235294117647,0.176470588235294,0.352941176470588,0.0588235294117647,0,13,0,13,0,13,0,13,0,0,0,0,0,0,1,0,0
"LU13","08",0.125,0,0,0,0,0,0,0,0,0,0.875,0,0,0,0,0,0,0,0.25,0.25,0.5,0,0,0,13,1,12,0,13,0,13,0,0.0769230769230769,0,0,0,0,1,0,1
"LU13","11",0.256410256410256,0,0.0512820512820513,0,0,0,0,0,0,0.179487179487179,0.153846153846154,0,0.0769230769230769,0,0,0,0.0256410256410256,0.0526315789473684,0.0526315789473684,0.105263157894737,0.263157894736842,0.421052631578947,0.0526315789473684,4,9,0,13,0,13,0,13,0.307692307692308,0,0,0,5,0,40,0,0
"LU13","12",0,0,0,0,0,0,0,0,0,0.333333333333333,0.666666666666667,0,0,0,0,0,0,0,0,0.357142857142857,0.214285714285714,0.142857142857143,0.285714285714286,1,12,0,13,3,10,2,11,0.0769230769230769,0,0.230769230769231,0.153846153846154,1,3,5,3,0
"LU13","128",0,0,0,0,0,0,0,0,0,0.25,0.75,0,0,0,0,0,0,0,0.0833333333333333,0.333333333333333,0.25,0.0833333333333333,0.25,4,9,7,6,4,9,2,11,0.307692307692308,0.538461538461538,0.307692307692308,0.153846153846154,7,6,16,4,13
"LU13","13",0,0,0,0,0,0,0,0,0,0,1,0,0,0,0,0,0,0.153846153846154,0.307692307692308,0.307692307692308,0.153846153846154,0.0769230769230769,0,2,11,2,11,3,10,4,9,0.153846153846154,0.153846153846154,0.230769230769231,0.307692307692308,3,3,5,9,2
"LU13","131",0,0,0,0,0,0,0,0,0,0.363636363636364,0.272727272727273,0.272727272727273,0,0,0,0,0,0,0.0714285714285714,0.285714285714286,0.142857142857143,0.214285714285714,0.285714285714286,1,12,1,12,4,9,2,11,0.0769230769230769,0.0769230769230769,0.307692307692308,0.153846153846154,1,7,17,3,2
"LU13","14",0,0,0,0,0,0,0,0,0,0.444444444444444,0.444444444444444,0,0,0,0,0,0,0.166666666666667,0.5,0,0.166666666666667,0.166666666666667,0,3,10,0,13,3,10,3,10,0.230769230769231,0,0.230769230769231,0.230769230769231,4,4,7,5,0
"LU13","15",0.142857142857143,0,0,0,0,0,0,0,0,0.142857142857143,0.714285714285714,0,0,0,0,0,0,0,0,0.111111111111111,0.222222222222222,0.333333333333333,0.333333333333333,8,4,3,9,0,12,5,7,0.666666666666667,0.25,0,0.416666666666667,11,0,17,8,3
"LU13","16",0.166666666666667,0,0,0,0,0,0,0,0,0.166666666666667,0.5,0,0,0,0,0,0,0,0,0,0.2,0.2,0.6,7,5,0,12,1,11,3,9,0.583333333333333,0,0.0833333333333333,0.25,10,3,3,3,0
"LU13","17",0,0,0,0,0.105263157894737,0,0,0,0,0.0263157894736842,0.342105263157895,0,0.315789473684211,0,0.0263157894736842,0,0,0.0666666666666667,0,0,0.4,0.266666666666667,0.2,5,8,0,13,5,8,2,11,0.384615384615385,0,0.384615384615385,0.153846153846154,17,8,15,2,0
"LU13","18",0.117647058823529,0,0,0,0,0,0,0,0,0.117647058823529,0.529411764705882,0,0,0,0.176470588235294,0,0,0,0,0.125,0.625,0.125,0.125,9,3,0,12,0,12,4,8,0.75,0,0,0.333333333333333,30,0,74,13,0
"LU13","19",0.0869565217391304,0,0,0,0.0869565217391304,0,0,0,0,0.0434782608695652,0.478260869565217,0,0.130434782608696,0,0,0,0,0,0.3,0.1,0.2,0.2,0.1,0,13,2,11,6,7,0,13,0,0.153846153846154,0.461538461538462,0,0,6,42,0,2
"LU13","20",0,0,0,0,0,0,0,0,0,0.428571428571429,0.571428571428571,0,0,0,0,0,0,0.0526315789473684,0.0526315789473684,0,0.210526315789474,0.421052631578947,0.263157894736842,1,12,0,13,2,11,0,13,0.0769230769230769,0,0.153846153846154,0,1,2,12,0,0
"LU13","21",0.428571428571429,0,0,0,0,0,0,0,0,0,0.428571428571429,0,0,0,0,0,0,0,0,0.166666666666667,0.333333333333333,0.166666666666667,0.333333333333333,9,3,0,12,0,12,4,8,0.75,0,0,0.333333333333333,32,0,17,14,0
"LU13","22",0.0208333333333333,0,0,0,0.0625,0,0,0,0,0.25,0.3125,0,0.229166666666667,0,0.0416666666666667,0,0,0.0476190476190476,0,0.0476190476190476,0.380952380952381,0.285714285714286,0.19047619047619,5,8,0,13,4,9,0,13,0.384615384615385,0,0.307692307692308,0,7,4,26,0,0
"LU13","26",0,0,0,0,0,0,0,0,0,0.75,0.25,0,0,0,0,0,0,0,0.571428571428571,0.142857142857143,0.142857142857143,0.142857142857143,0,0,13,1,12,3,10,0,13,0,0.0769230769230769,0.230769230769231,0,0,5,4,0,1
"LU13","27",NA,NA,NA,NA,NA,NA,NA,NA,NA,NA,NA,NA,NA,NA,NA,NA,NA,NA,NA,NA,NA,NA,NA,NA,NA,NA,NA,NA,NA,NA,NA,NA,NA,NA,NA,0,0,15,0,0
"LU13","30",0.444444444444444,0,0,0,0,0,0,0,0,0,0.444444444444444,0,0,0,0,0,0,0,0.117647058823529,0.176470588235294,0.117647058823529,0.352941176470588,0.235294117647059,7,6,2,11,4,9,3,10,0.538461538461538,0.153846153846154,0.307692307692308,0.230769230769231,16,4,7,6,2
"LU13","32",0,0,0,0,0,0,0,0,0,0.5,0.5,0,0,0,0,0,0,0,0.0769230769230769,0.153846153846154,0.230769230769231,0.230769230769231,0.307692307692308,1,12,0,13,1,12,1,12,0.0769230769230769,0,0.0769230769230769,0.0769230769230769,1,1,33,1,0
"LU13","33",0,0,0,0,0,0,0,0,0,0.714285714285714,0.285714285714286,0,0,0,0,0,0,0,0,0.222222222222222,0.222222222222222,0.222222222222222,0.333333333333333,4,9,0,13,2,11,1,12,0.307692307692308,0,0.153846153846154,0.0769230769230769,4,2,22,3,0
"LU13","34",0,0,0,0,0,0,0,0,0,0.428571428571429,0.428571428571429,0,0,0,0.142857142857143,0,0,0.1,0.1,0.3,0.2,0.2,0.1,3,9,3,9,0,12,0,12,0.25,0.25,0,0,3,0,0,0,5
"LU13","35",0,0,0,0,0,0,0,0,0,0,0.666666666666667,0,0,0,0.333333333333333,0,0,0,0,0,0.1,0.7,0.2,3,10,1,12,6,7,1,12,0.230769230769231,0.0769230769230769,0.461538461538462,0.0769230769230769,3,12,0,1,1
"LU13","36",0,0,0,0,0,0,0,0,0,0.5,0.25,0,0,0,0.125,0,0,0,0,0.5,0.25,0.125,0.125,0,13,0,13,2,11,0,13,0,0,0.153846153846154,0,0,2,0,0,0
"LU13","37",0.111111111111111,0,0,0,0,0,0,0,0,0.444444444444444,0.222222222222222,0,0,0,0.111111111111111,0,0,0,0,0.5,0.166666666666667,0.166666666666667,0.166666666666667,0,12,0,12,1,11,0,12,0,0,0.0833333333333333,0,0,2,4,0,0
"LU13","38",0.363636363636364,0,0,0,0,0,0,0,0,0.0909090909090909,0.363636363636364,0,0,0,0.0909090909090909,0,0,0,0.1,0.2,0.2,0.4,0.1,0,13,1,12,2,11,0,13,0,0.0769230769230769,0.153846153846154,0,0,3,3,0,1
"LU13","41",0,0,0,0,0,0,0,0,0,0.333333333333333,0.666666666666667,0,0,0,0,0,0,0.333333333333333,0.333333333333333,0,0.333333333333333,0,0,2,11,0,13,2,11,0,13,0.153846153846154,0,0.153846153846154,0,2,4,0,0,0
"LU13","43",0.0769230769230769,0,0,0,0,0,0,0,0,0,0.846153846153846,0,0,0,0,0,0,0,0,0.333333333333333,0.666666666666667,0,0,0,13,0,13,3,10,0,13,0,0,0.230769230769231,0,0,3,8,0,0
"LU13","45",0,0,0,0,0,0,0,0,0,0,0.928571428571429,0,0,0,0,0,0,0,0.333333333333333,0.333333333333333,0.333333333333333,0,0,0,13,0,13,3,10,0,13,0,0,0.230769230769231,0,0,4,11,0,0
"LU13","47",0.357142857142857,0,0,0,0,0,0,0,0,0.214285714285714,0.214285714285714,0,0,0,0,0,0,0,0.142857142857143,0.0714285714285714,0.285714285714286,0.285714285714286,0.214285714285714,1,11,0,12,3,9,0,12,0.0833333333333333,0,0.25,0,1,5,9,0,0
"LU13","49",0.428571428571429,0,0,0,0,0,0,0,0,0,0.428571428571429,0,0,0,0,0,0,0,0.272727272727273,0.0909090909090909,0.272727272727273,0.0909090909090909,0.272727272727273,3,10,0,13,2,11,0,13,0.230769230769231,0,0.153846153846154,0,10,3,49,0,0
"LU13","51",0,0,0,0,0,0,0,0,0,0.5,0.333333333333333,0,0,0,0,0,0,0.2,0.2,0.2,0.2,0.2,0,1,12,3,10,2,11,1,12,0.0769230769230769,0.230769230769231,0.153846153846154,0.0769230769230769,1,2,0,1,8
"LU13","52",0,0,0,0,0,0,0,0,0,0,0.5,0,0,0,0.5,0,0,0,0.0588235294117647,0.0588235294117647,0.176470588235294,0.352941176470588,0.352941176470588,3,10,2,11,2,11,1,12,0.230769230769231,0.153846153846154,0.153846153846154,0.0769230769230769,3,2,0,1,10
"LU13","53",0,0,0,0,0,0,0,0,0,0.666666666666667,0.333333333333333,0,0,0,0,0,0,0.4,0,0,0.2,0.2,0.2,1,12,1,12,1,12,0,13,0.0769230769230769,0.0769230769230769,0.0769230769230769,0,1,1,14,0,1
"LU13","55",0,0,0,0,0,0,0,0,0,0,1,0,0,0,0,0,0,0,0,0,0.25,0.5,0.25,0,12,0,12,0,12,0,12,0,0,0,0,0,0,0,0,0
"LU13","56",0,0,0.03125,0,0.078125,0,0,0,0,0.0625,0.203125,0,0.296875,0,0.015625,0,0,0.176470588235294,0,0.176470588235294,0.235294117647059,0.235294117647059,0.117647058823529,0,13,0,13,1,12,0,13,0,0,0.0769230769230769,0,0,1,83,0,0
"LU13","57",0,0,0,0,0,0,0,0,0,0,1,0,0,0,0,0,0,0.25,0,0.5,0.125,0.125,0,2,10,0,12,1,11,0,12,0.166666666666667,0,0.0833333333333333,0,2,2,2,0,0
"LU13","59",0,0,0,0,0,0,0,0,0,0.428571428571429,0.142857142857143,0,0,0,0,0,0,0.222222222222222,0,0,0.111111111111111,0.333333333333333,0.333333333333333,0,13,0,13,1,12,0,13,0,0,0.0769230769230769,0,0,1,3,0,0
"LU13","70",0.25,0,0,0,0,0,0,0,0,0.25,0.25,0,0,0,0,0,0,0.166666666666667,0.333333333333333,0.166666666666667,0.333333333333333,0,0,1,12,0,13,4,9,0,13,0.0769230769230769,0,0.307692307692308,0,1,5,8,0,0
"LU15","01",0.00793650793650794,0,0.0873015873015873,0,0.0793650793650794,0,0,0,0,0.0714285714285714,0.174603174603175,0.0158730158730159,0.325396825396825,0,0,0.0555555555555556,0.00793650793650794,0,0.176470588235294,0.117647058823529,0.117647058823529,0.294117647058824,0.0588235294117647,0,12,1,11,1,11,0,12,0,0.0833333333333333,0.0833333333333333,0,0,1,0,0,2
"LU15","02",0,0,0.0344827586206897,0,0.103448275862069,0,0,0,0,0,0.155172413793103,0,0.293103448275862,0,0,0,0,0,0.105263157894737,0.105263157894737,0.105263157894737,0.263157894736842,0.210526315789474,0,12,0,12,2,10,0,12,0,0,0.166666666666667,0,0,2,0,0,0
"LU15","03",0,0,0.134615384615385,0,0,0,0,0,0,0.0192307692307692,0.192307692307692,0,0.288461538461538,0,0,0.0769230769230769,0,0,0.1,0,0,0.5,0.1,2,10,0,12,0,12,5,7,0.166666666666667,0,0,0.416666666666667,5,0,8,13,0
"LU15","04",0,0,0,0,0,0,0,0,0,0.0140845070422535,0.309859154929577,0.619718309859155,0,0,0,0,0.0140845070422535,0.333333333333333,0,0,0.166666666666667,0.5,0,3,9,0,12,1,11,0,12,0.25,0,0.0833333333333333,0,5,1,8,0,0
"LU15","07",0,0,0,0,0,0,0,0,0,0,0.583333333333333,0.166666666666667,0,0,0,0,0,0,0.142857142857143,0.142857142857143,0.142857142857143,0.428571428571429,0,2,10,1,11,5,7,3,9,0.166666666666667,0.0833333333333333,0.416666666666667,0.25,3,8,62,3,1
"LU15","08",0.0485436893203883,0,0.0776699029126214,0,0,0,0,0,0,0.058252427184466,0.194174757281553,0.223300970873786,0.271844660194175,0,0,0,0.00970873786407766,0.25,0.125,0.125,0.125,0.25,0.125,4,8,1,11,0,12,5,7,0.333333333333333,0.0833333333333333,0,0.416666666666667,6,0,20,14,1
"LU15","09",0,0,0,0,0,0,0,0,0,0.0434782608695652,0.608695652173913,0.304347826086957,0,0,0,0,0,0,0.25,0.25,0.25,0.25,0,3,9,1,11,0,12,1,11,0.25,0.0833333333333333,0,0.0833333333333333,36,0,8,1,1
"LU15","10",0.105263157894737,0.0526315789473684,0.0526315789473684,0,0,0,0,0,0,0,0.315789473684211,0,0.263157894736842,0,0,0,0,0.125,0.375,0,0.25,0.25,0,4,8,6,6,5,7,9,3,0.333333333333333,0.5,0.416666666666667,0.75,8,14,2,126,9
"LU15","11",0.122448979591837,0,0.0816326530612245,0,0,0,0,0,0,0.102040816326531,0.26530612244898,0.0612244897959184,0.244897959183673,0,0,0,0,0,0.375,0.125,0.375,0.125,0,1,11,0,12,0,12,0,12,0.0833333333333333,0,0,0,1,0,0,0,0
"LU15","12",NA,NA,NA,NA,NA,NA,NA,NA,NA,NA,NA,NA,NA,NA,NA,NA,NA,NA,NA,NA,NA,NA,NA,NA,NA,NA,NA,NA,NA,NA,NA,NA,NA,NA,NA,0,0,0,0,0
"LU15","14",0,0,0.191304347826087,0,0,0,0,0,0,0,0.0956521739130435,0,0.434782608695652,0,0,0.0869565217391304,0,0,0.117647058823529,0.235294117647059,0.0588235294117647,0.117647058823529,0,4,8,0,12,4,8,7,5,0.333333333333333,0,0.333333333333333,0.583333333333333,4,6,2,47,0
"LU15","15",0,0,0.125,0,0,0,0,0,0,0.0535714285714286,0.160714285714286,0,0.25,0,0,0.0714285714285714,0,0,0.210526315789474,0.105263157894737,0.0526315789473684,0.263157894736842,0.0526315789473684,6,6,1,11,1,11,7,5,0.5,0.0833333333333333,0.0833333333333333,0.583333333333333,17,1,11,27,1
"LU15","16",0,0,0,0,0,0,0,0,0,0.032258064516129,0.516129032258065,0.354838709677419,0,0,0,0,0,0.142857142857143,0.142857142857143,0,0.428571428571429,0.142857142857143,0.142857142857143,2,10,1,11,3,9,2,10,0.166666666666667,0.0833333333333333,0.25,0.166666666666667,2,10,38,5,1
"LU15","17",NA,NA,NA,NA,NA,NA,NA,NA,NA,NA,NA,NA,NA,NA,NA,NA,NA,NA,NA,NA,NA,NA,NA,NA,NA,NA,NA,NA,NA,NA,NA,NA,NA,NA,NA,0,0,3,0,0
"LU15","18",0.0909090909090909,0.0454545454545455,0.0454545454545455,0,0,0,0,0,0,0,0.318181818181818,0.181818181818182,0.181818181818182,0,0,0,0,0,0.25,0,0.375,0.25,0.125,5,7,2,10,3,9,2,10,0.416666666666667,0.166666666666667,0.25,0.166666666666667,6,5,1,2,4
"LU15","19",0.0909090909090909,0,0.0909090909090909,0,0,0,0,0,0,0,0.363636363636364,0,0.181818181818182,0,0,0,0,0,0.375,0.25,0.25,0.125,0,1,11,0,12,2,10,0,12,0.0833333333333333,0,0.166666666666667,0,1,2,1,0,0
"LU15","20",0,0,0.173913043478261,0,0,0,0,0,0,0,0.0434782608695652,0,0.347826086956522,0,0,0.0869565217391304,0,0,0,0,0,0.4,0,5,7,4,8,0,12,6,6,0.416666666666667,0.333333333333333,0,0.5,11,0,6,20,7
"LU15","21",0,0,0,0.0666666666666667,0,0,0,0,0,0.0444444444444444,0.177777777777778,0,0.155555555555556,0,0,0,0,0,0,0,0.1,0.3,0.1,2,10,2,10,1,11,5,7,0.166666666666667,0.166666666666667,0.0833333333333333,0.416666666666667,4,5,3,6,2
"LU15","22",0.0508474576271186,0,0,0,0,0,0,0,0,0.11864406779661,0.711864406779661,0,0.0508474576271186,0,0,0,0.0169491525423729,0.0909090909090909,0,0.0909090909090909,0.363636363636364,0.181818181818182,0.181818181818182,0,12,0,12,1,11,9,3,0,0,0.0833333333333333,0.75,0,1,7,45,0
"LU15","23",0,0,0.213333333333333,0,0,0,0,0,0,0.0133333333333333,0.0133333333333333,0,0.426666666666667,0,0,0.106666666666667,0,0,0.125,0,0.125,0.125,0,4,8,1,11,0,12,5,7,0.333333333333333,0.0833333333333333,0,0.416666666666667,10,0,97,11,1
"LU15","24",0,0,0.151515151515152,0,0,0,0,0,0,0,0.0909090909090909,0,0.303030303030303,0,0,0.0606060606060606,0,0,0,0,0,0.333333333333333,0,3,9,0,12,1,11,7,5,0.25,0,0.0833333333333333,0.583333333333333,5,1,0,18,0
"LU15","25",0,0,0,0,0,0,0,0,0,0.0434782608695652,0.239130434782609,0.652173913043478,0,0,0,0,0,0.142857142857143,0.214285714285714,0.214285714285714,0.214285714285714,0.0714285714285714,0.142857142857143,1,11,0,12,4,8,0,12,0.0833333333333333,0,0.333333333333333,0,2,8,1,0,0
"LU15","26",0,0,0.0606060606060606,0,0.0808080808080808,0,0,0,0,0.0505050505050505,0.222222222222222,0.0202020202020202,0.282828282828283,0,0,0.0505050505050505,0,0,0.125,0.1875,0.1875,0.3125,0,0,12,1,11,0,12,1,11,0,0.0833333333333333,0,0.0833333333333333,0,0,5,1,3
"LU15","27",0,0,0,0,0.0952380952380952,0,0,0,0,0,0.428571428571429,0,0.285714285714286,0,0,0,0,0,0,0.166666666666667,0.333333333333333,0.333333333333333,0,2,10,5,7,3,9,0,12,0.166666666666667,0.416666666666667,0.25,0,2,8,2,0,11
"LU15","28",0,0,0,0,0.0816326530612245,0,0,0,0,0.0816326530612245,0.142857142857143,0,0.224489795918367,0,0,0,0,0,0.153846153846154,0.153846153846154,0.153846153846154,0.307692307692308,0,2,10,1,11,1,11,0,12,0.166666666666667,0.0833333333333333,0.0833333333333333,0,2,1,0,0,1
"LU15","29",0,0,0.0810810810810811,0,0.135135135135135,0,0,0,0,0.0135135135135135,0.121621621621622,0,0.405405405405405,0,0,0,0,0,0.0526315789473684,0.105263157894737,0.105263157894737,0.315789473684211,0.157894736842105,1,11,1,11,0,12,0,12,0.0833333333333333,0.0833333333333333,0,0,1,0,2,0,1
"LU15","30",0,0,0.0821917808219178,0,0.0958904109589041,0,0,0,0,0.0136986301369863,0.0273972602739726,0,0.36986301369863,0,0,0.0547945205479452,0,0,0,0,0.0714285714285714,0.357142857142857,0.0714285714285714,0,12,0,12,5,7,1,11,0,0,0.416666666666667,0.0833333333333333,0,16,43,1,0
"LU15","31",0,0,0.07,0,0.07,0,0,0,0,0.02,0.15,0,0.32,0,0,0.07,0,0,0,0,0.272727272727273,0.227272727272727,0.136363636363636,1,11,0,12,1,11,1,11,0.0833333333333333,0,0.0833333333333333,0.0833333333333333,1,2,49,1,0
"LU15","32",0,0,0.0795454545454545,0,0.0568181818181818,0,0,0,0,0.0227272727272727,0.193181818181818,0,0.306818181818182,0,0,0.0568181818181818,0,0,0.037037037037037,0.111111111111111,0.259259259259259,0.259259259259259,0.0740740740740741,5,7,0,12,3,9,1,11,0.416666666666667,0,0.25,0.0833333333333333,8,4,65,2,0
"LU15","34",0,0,0,0,0,0,0,0,0,0.111111111111111,0.777777777777778,0,0,0,0,0,0,0.111111111111111,0.111111111111111,0.111111111111111,0.333333333333333,0.111111111111111,0.222222222222222,1,11,2,10,4,8,1,11,0.0833333333333333,0.166666666666667,0.333333333333333,0.0833333333333333,1,4,4,2,2
"LU15","36",0,0,0,0,0,0,0,0,0,0.15,0.25,0.575,0,0,0,0,0,0.571428571428571,0.214285714285714,0.0714285714285714,0.0714285714285714,0,0.0714285714285714,1,11,0,12,0,12,0,12,0.0833333333333333,0,0,0,1,0,5,0,0
"LU15","37",0.0909090909090909,0.0454545454545455,0,0,0,0,0,0,0,0,0.5,0,0.0454545454545455,0,0.0454545454545455,0,0.0454545454545455,0.111111111111111,0.111111111111111,0.111111111111111,0.333333333333333,0.111111111111111,0.166666666666667,1,11,0,12,0,12,0,12,0.0833333333333333,0,0,0,1,0,12,0,0
"LU15","40",0,0,0.0434782608695652,0,0,0,0,0,0,0,0.391304347826087,0.391304347826087,0.0869565217391304,0,0,0,0,0,0.1,0,0.6,0.1,0.2,0,12,1,11,6,6,1,11,0,0.0833333333333333,0.5,0.0833333333333333,0,7,10,1,1
"LU15","41",0,0,0.168831168831169,0,0,0,0,0,0,0.0324675324675325,0.0194805194805195,0,0.415584415584416,0,0,0.116883116883117,0.025974025974026,0,0.176470588235294,0.0588235294117647,0.117647058823529,0.176470588235294,0,1,11,0,12,0,12,7,5,0.0833333333333333,0,0,0.583333333333333,1,1,9,24,0
"LU15","43",0.0833333333333333,0,0.0833333333333333,0,0,0,0,0,0,0,0.416666666666667,0,0.25,0,0,0,0,0.166666666666667,0.333333333333333,0.166666666666667,0.166666666666667,0.166666666666667,0,1,11,0,12,4,8,0,12,0.0833333333333333,0,0.333333333333333,0,1,5,5,0,0
"LU15","44",0.125,0,0.166666666666667,0,0,0,0,0,0,0,0.166666666666667,0,0.333333333333333,0,0,0,0,0,0.428571428571429,0.142857142857143,0.285714285714286,0.142857142857143,0,5,7,1,11,0,12,0,12,0.416666666666667,0.0833333333333333,0,0,10,0,67,0,2
"LU15","46",0,0,0.0357142857142857,0,0,0,0,0,0,0,0.142857142857143,0,0.107142857142857,0,0,0,0,0,0,0,0.111111111111111,0.333333333333333,0.111111111111111,1,11,1,11,1,11,7,5,0.0833333333333333,0.0833333333333333,0.0833333333333333,0.583333333333333,3,1,18,19,1
"LU15","58",0.230769230769231,0,0.0769230769230769,0,0,0,0,0,0,0.0769230769230769,0.230769230769231,0,0.269230769230769,0,0,0,0,0.333333333333333,0.333333333333333,0,0.333333333333333,0,0,4,8,2,10,7,5,2,10,0.333333333333333,0.166666666666667,0.583333333333333,0.166666666666667,7,35,2,2,9
"LU15","61",0.0810810810810811,0,0.027027027027027,0,0,0,0,0,0,0.027027027027027,0.432432432432432,0,0.162162162162162,0,0,0,0.027027027027027,0.0909090909090909,0,0.0909090909090909,0.454545454545455,0.181818181818182,0.0909090909090909,2,10,0,12,2,10,5,7,0.166666666666667,0,0.166666666666667,0.416666666666667,6,8,35,38,0
"LU21","06",0.109649122807018,0,0.144736842105263,0,0,0,0,0,0,0.0263157894736842,0.267543859649123,0,0.355263157894737,0,0,0,0,0,0.230769230769231,0,0.384615384615385,0.307692307692308,0,0,12,1,11,1,11,3,9,0,0.0833333333333333,0.0833333333333333,0.25,0,2,43,10,2
"LU21","09",0,0,0,0,0,0,0,0,0,0.523809523809524,0.476190476190476,0,0,0,0,0,0,0.142857142857143,0.142857142857143,0.0714285714285714,0.142857142857143,0.357142857142857,0.142857142857143,3,9,3,9,6,6,9,3,0.25,0.25,0.5,0.75,3,8,0,50,4
"LU21","10",0.0526315789473684,0,0,0,0,0,0,0,0,0.105263157894737,0.842105263157895,0,0,0,0,0,0,0,0.25,0.166666666666667,0.25,0.25,0.0833333333333333,0,12,2,10,6,6,7,5,0,0.166666666666667,0.5,0.583333333333333,0,8,0,19,2
"LU21","100",0.138888888888889,0,0.0277777777777778,0,0,0,0,0,0,0.194444444444444,0.5,0,0.0555555555555556,0,0.0138888888888889,0,0,0.25,0.25,0.1,0.05,0.2,0.05,0,12,3,9,2,10,7,5,0,0.25,0.166666666666667,0.583333333333333,0,3,0,14,4
"LU21","105",0.021978021978022,0,0.010989010989011,0,0,0,0,0,0,0.142857142857143,0.56043956043956,0,0.142857142857143,0,0,0,0.021978021978022,0,0.133333333333333,0.4,0.0666666666666667,0.333333333333333,0,1,11,0,12,3,9,6,6,0.0833333333333333,0,0.25,0.5,1,3,0,7,0
"LU21","106",0,0,0,0,0,0,0,0,0,0.416666666666667,0.583333333333333,0,0,0,0,0,0,0.181818181818182,0,0.363636363636364,0.0909090909090909,0.272727272727273,0.0909090909090909,1,11,1,11,2,10,8,4,0.0833333333333333,0.0833333333333333,0.166666666666667,0.666666666666667,2,4,19,25,3
"LU21","107",0,0,0,0,0,0,0,0,0,0.173913043478261,0.826086956521739,0,0,0,0,0,0,0.230769230769231,0.153846153846154,0.0769230769230769,0.0769230769230769,0.230769230769231,0.230769230769231,1,11,1,11,2,10,7,5,0.0833333333333333,0.0833333333333333,0.166666666666667,0.583333333333333,2,3,3,13,1
"LU21","109",0,0,0,0,0,0,0,0,0,0.114285714285714,0.885714285714286,0,0,0,0,0,0,0.0833333333333333,0.166666666666667,0.25,0.25,0.166666666666667,0.0833333333333333,1,11,0,12,0,12,6,6,0.0833333333333333,0,0,0.5,1,0,4,7,0
"LU21","114",0.106951871657754,0,0.117647058823529,0,0,0,0,0,0,0.0267379679144385,0.32620320855615,0,0.310160427807487,0,0,0,0.0106951871657754,0,0.157894736842105,0.421052631578947,0.210526315789474,0.157894736842105,0,0,12,0,12,3,9,3,9,0,0,0.25,0.25,0,3,0,8,0
"LU21","116",0,0,0,0,0,0,0,0,0,0.325581395348837,0.627906976744186,0,0,0,0,0,0,0,0,0.285714285714286,0.142857142857143,0.285714285714286,0.214285714285714,0,12,2,10,4,8,10,2,0,0.166666666666667,0.333333333333333,0.833333333333333,0,6,0,34,3
"LU21","119",0.0526315789473684,0,0,0,0,0,0,0,0,0.0526315789473684,0.894736842105263,0,0,0,0,0,0,0.133333333333333,0,0.0666666666666667,0.333333333333333,0.266666666666667,0.2,0,12,0,12,4,8,10,2,0,0,0.333333333333333,0.833333333333333,0,5,37,18,0
"LU21","122",0.0625,0.0625,0,0,0,0,0,0,0,0.3125,0.5625,0,0,0,0,0,0,0.105263157894737,0.157894736842105,0.105263157894737,0.263157894736842,0.263157894736842,0.105263157894737,0,12,3,9,2,10,4,8,0,0.25,0.166666666666667,0.333333333333333,0,2,2,11,4
"LU21","126",0,0,0,0,0,0,0,0,0,0.615384615384615,0.307692307692308,0,0,0,0.0769230769230769,0,0,0.19047619047619,0.0952380952380952,0.19047619047619,0.0476190476190476,0.238095238095238,0.238095238095238,0,12,2,10,4,8,1,11,0,0.166666666666667,0.333333333333333,0.0833333333333333,0,8,1,1,2
"LU21","14",0,0,0,0,0,0,0,0,0,0.5,0.5,0,0,0,0,0,0,0.285714285714286,0.214285714285714,0.142857142857143,0.0714285714285714,0.142857142857143,0.142857142857143,0,12,2,10,4,8,8,4,0,0.166666666666667,0.333333333333333,0.666666666666667,0,6,3,21,2
"LU21","153",0.126760563380282,0,0.0704225352112676,0,0,0,0,0,0,0.028169014084507,0.422535211267606,0,0.169014084507042,0,0,0,0.0352112676056338,0.0625,0.125,0.25,0.125,0.1875,0.1875,1,11,0,12,0,12,0,12,0.0833333333333333,0,0,0,2,0,9,0,0
"LU21","16",0,0,0,0,0,0,0,0,0,0.238095238095238,0.761904761904762,0,0,0,0,0,0,0,0.2,0.2,0.133333333333333,0.2,0.266666666666667,0,12,0,12,7,5,7,5,0,0,0.583333333333333,0.583333333333333,0,7,44,14,0
"LU21","164",0,0,0,0,0,0,0,0,0,0.153846153846154,0.807692307692308,0,0,0,0,0,0,0.125,0,0,0.125,0.375,0.375,3,9,0,12,2,10,8,4,0.25,0,0.166666666666667,0.666666666666667,7,6,0,24,0
"LU21","21",0.0625,0.0625,0,0,0,0,0,0,0,0.25,0.5625,0,0,0,0,0,0,0.0625,0.0625,0.125,0.1875,0.375,0.1875,0,12,0,12,5,7,10,2,0,0,0.416666666666667,0.833333333333333,0,8,0,69,0
"LU21","23",0.125,0.125,0,0,0,0,0,0,0,0.375,0.375,0,0,0,0,0,0,0.148148148148148,0.111111111111111,0,0.259259259259259,0.333333333333333,0.148148148148148,0,12,0,12,1,11,2,10,0,0,0.0833333333333333,0.166666666666667,0,1,6,2,0
"LU21","27",0,0,0,0,0,0,0,0,0,0.666666666666667,0.166666666666667,0,0,0,0,0,0,0.142857142857143,0.142857142857143,0.142857142857143,0.0714285714285714,0.214285714285714,0.285714285714286,0,12,1,11,1,11,2,10,0,0.0833333333333333,0.0833333333333333,0.166666666666667,0,1,0,2,1
"LU21","32",0,0,0,0,0,0,0,0,0,0.461538461538462,0.461538461538462,0,0,0,0.0769230769230769,0,0,0.0714285714285714,0.214285714285714,0.285714285714286,0.0714285714285714,0.142857142857143,0.214285714285714,0,12,0,12,3,9,0,12,0,0,0.25,0,0,8,0,0,0
"LU21","36",0,0,0.0232558139534884,0,0,0,0,0,0,0.255813953488372,0.674418604651163,0,0.0232558139534884,0,0,0,0,0,0.166666666666667,0,0.0833333333333333,0.333333333333333,0.333333333333333,2,10,5,7,5,7,8,4,0.166666666666667,0.416666666666667,0.416666666666667,0.666666666666667,2,11,0,32,9
"LU21","41",0,0,0,0,0,0,0,0,0,0.0357142857142857,0.821428571428571,0,0,0,0,0,0,0,0.166666666666667,0,0.333333333333333,0.333333333333333,0.166666666666667,0,12,0,12,3,9,1,11,0,0,0.25,0.0833333333333333,0,3,35,1,0
"LU21","52",0.139240506329114,0,0.0506329113924051,0,0,0,0,0,0,0.0759493670886076,0.253164556962025,0,0.329113924050633,0,0.10126582278481,0,0,0.16,0.08,0.2,0.12,0.32,0.08,3,9,1,11,2,10,7,5,0.25,0.0833333333333333,0.166666666666667,0.583333333333333,5,5,24,26,2
"LU21","56",0.125,0,0,0,0,0,0,0,0,0.5,0.25,0,0,0,0,0,0,0.0666666666666667,0.0666666666666667,0.0666666666666667,0.266666666666667,0.2,0.333333333333333,0,12,2,10,2,10,9,3,0,0.166666666666667,0.166666666666667,0.75,0,3,1,34,2
"LU21","57",0.166666666666667,0.0833333333333333,0,0,0,0,0,0,0,0.166666666666667,0.583333333333333,0,0,0,0,0,0,0,0.0625,0.125,0.25,0.375,0.1875,0,12,0,12,7,5,8,4,0,0,0.583333333333333,0.666666666666667,0,14,3,15,0
"LU21","59",0,0,0,0,0,0,0,0,0,0.0317460317460317,0.761904761904762,0.0793650793650794,0,0,0,0,0,0.142857142857143,0.142857142857143,0.428571428571429,0.0714285714285714,0.142857142857143,0.0714285714285714,0,12,1,11,8,4,6,6,0,0.0833333333333333,0.666666666666667,0.5,0,22,0,15,2
"LU21","63",0,0,0,0,0,0,0,0,0,0.1875,0.8125,0,0,0,0,0,0,0.1,0.4,0,0.1,0.2,0.2,2,6,1,7,1,7,3,5,0.25,0.125,0.125,0.375,3,2,0,15,1
"LU21","68",0.116071428571429,0,0.107142857142857,0,0,0,0,0,0,0.0848214285714286,0.227678571428571,0.00892857142857142,0.316964285714286,0,0.00446428571428571,0,0.03125,0.0555555555555556,0.0555555555555556,0.222222222222222,0.222222222222222,0.333333333333333,0,4,8,0,12,5,7,10,2,0.333333333333333,0,0.416666666666667,0.833333333333333,8,9,10,38,1
"LU21","74",0.0121212121212121,0,0.096969696969697,0,0,0,0,0,0,0.121212121212121,0.387878787878788,0,0.254545454545455,0,0,0,0.0242424242424242,0.0588235294117647,0.235294117647059,0.0588235294117647,0.117647058823529,0.352941176470588,0.117647058823529,0,12,0,12,5,7,6,6,0,0,0.416666666666667,0.5,0,8,21,26,0
"LU21","78",0,0,0.0344827586206897,0,0,0,0,0,0,0.206896551724138,0.603448275862069,0,0.0517241379310345,0,0,0,0,0,0.176470588235294,0.176470588235294,0.176470588235294,0.352941176470588,0.0588235294117647,0,12,3,9,5,7,10,2,0,0.25,0.416666666666667,0.833333333333333,0,15,0,72,3
"LU21","82",0,0,0,0,0,0,0,0,0,0.35,0.35,0,0,0,0,0,0,0,0,0.0909090909090909,0.272727272727273,0.181818181818182,0.454545454545455,3,9,0,12,4,8,10,2,0.25,0,0.333333333333333,0.833333333333333,3,11,1,35,0
"LU21","871",0,0,0,0,0,0,0,0,0,0.4,0.6,0,0,0,0,0,0,0.363636363636364,0.0909090909090909,0,0.272727272727273,0.0909090909090909,0.181818181818182,2,10,2,10,7,5,9,3,0.166666666666667,0.166666666666667,0.583333333333333,0.75,2,17,1,79,2
"LU21","93",0.0952380952380952,0,0.0873015873015873,0,0,0,0,0,0,0.0158730158730159,0.452380952380952,0,0.277777777777778,0,0,0,0,0.166666666666667,0.0555555555555556,0,0.333333333333333,0.166666666666667,0.222222222222222,5,7,3,9,3,9,9,3,0.416666666666667,0.25,0.25,0.75,10,4,17,62,4
"LU21","97",0.0144927536231884,0,0,0,0,0,0,0,0,0.202898550724638,0.608695652173913,0.072463768115942,0,0,0,0,0,0,0.333333333333333,0.333333333333333,0.111111111111111,0.222222222222222,0,0,12,1,11,7,5,8,4,0,0.0833333333333333,0.583333333333333,0.666666666666667,0,11,0,37,1
"LU21","98",0.056390977443609,0,0.109022556390977,0,0,0,0,0,0,0.0864661654135338,0.334586466165414,0,0.308270676691729,0,0.0112781954887218,0,0.0112781954887218,0.15,0.2,0.05,0.1,0.3,0.15,0,12,0,12,4,8,2,10,0,0,0.333333333333333,0.166666666666667,0,6,0,3,0
